pheno,locus,rsID,chr,pos,ALLELE1,ALLELE0,A1FREQ,nindSNP,BETA_M,SE_M,P_M,BETA_F,SE_F,P_F,BETA_MF,SE_MF,P_MF,P_sex_specific,sign_ind,whichplot,Other_sign_int,Other_sign
Combined,7:114015707-114194615,rs10228494,7,114083550,C,G,0.426503,rs10228494,-0.186641,0.0382513,1.1e-06,-0.0616743,0.0190208,0.0012,-0.121442,0.0202399,2e-09,0.152827137001682,0,Combined,NA,NA
Females,14:98532540-98670158,rs10782490,14,98549383,T,C,0.531482,rs10782490;rs1381274,-0.145731,0.0376991,0.00011,-0.105029,0.0187008,2e-08,-0.124504,0.0199209,4.1e-10,0.359513309540889,0,Combined,14:98641215-98531606,Combined
Combined,5:49471304-49834172,rs111878464,5,49834172,C,T,0.973301,rs111878464,-0.612391,0.120492,3.7e-07,-0.166598,0.0604736,0.0059,-0.353153,0.0640792,3.6e-08,0.0564342134854916,0,Combined,NA,NA
Combined,7:140116033-140182514,rs113367286,7,140144414,C,T,0.720132,rs113367286,0.197256,0.0419714,2.6e-06,0.0583125,0.0208457,0.0052,0.121432,0.0221937,4.5e-08,0.11047750941961,0,Combined,NA,NA
Males,16:69959821-70515355,rs1134074,16,70395387,C,T,0.614672,rs1134074,0.212464,0.0386143,3.8e-08,0.0184853,0.0192095,0.34,0.105768,0.0204368,2.3e-07,0.0006183523124978,1,Males,NA,NA
Combined,3:175797468-175857535,rs114494505,3,175857535,T,C,0.983211,rs114494505,-0.727495,0.149801,1.2e-06,-0.179791,0.0734301,0.014,-0.435311,0.0786424,3.1e-08,0.0515961800359496,0,Combined,NA,NA
Males,14:48535882-48559491,rs11627454,14,48559491,A,G,0.776947,rs11627454,0.255572,0.0453161,1.7e-08,0.0182299,0.0224931,0.42,0.124743,0.0239541,1.9e-07,0.000286428950478081,1,Males,NA,NA
Females,4:30781968-30988713,rs11725605,4,30890707,G,T,0.903642,rs11725605,-0.0100494,0.0651019,0.88,-0.183091,0.0321226,1.2e-08,-0.104041,0.0343015,0.0024,0.000200857777727429,1,Females,NA,NA
Combined,1:91189731-91234126,rs12042107,1,91196176,T,C,0.44965,rs12042107;rs12133063,0.172818,0.037747,4.7e-06,0.0822817,0.0188236,1.2e-05,0.127386,0.0200007,1.9e-10,0.65411741989015,0,Combined,NA,NA
Combined,17:2034275-2326480,rs12451892,17,2247982,T,C,0.620687,rs12451892;rs12450118;rs112308536;rs7213791;rs4790336,-0.213235,0.0390035,4.6e-08,-0.0894484,0.0193539,3.8e-06,-0.141946,0.0206139,5.7e-12,0.34871175012076,0,Combined,17:2247982-2230386,Males
Males,17:2230386-2247982,rs12451892,17,2247982,T,C,0.620687,rs12451892,-0.213235,0.0390035,4.6e-08,-0.0894484,0.0193539,3.8e-06,-0.141946,0.0206139,5.7e-12,0.34871175012076,0,Combined,17:2247982-2034275,Combined
Combined,8:11418385-11427341,rs13248757,8,11421321,T,C,0.76108,rs13248757,-0.21277,0.0454332,2.8e-06,-0.0640065,0.0225324,0.0045,-0.131112,0.0240042,4.7e-08,0.120033757047704,0,Combined,NA,NA
Females,6:98547979-98591622,rs1487445,6,98565211,C,T,0.517878,rs1487445,-0.0614345,0.0376793,0.1,-0.114501,0.0187267,9.7e-10,-0.0911582,0.0199272,4.8e-06,0.00367634119853207,0,Combined,NA,NA
Combined,18:53453353-53568458,rs1531518,18,53480368,G,A,0.6653,rs1531518;rs72932579,0.204369,0.0398771,3e-07,0.0697851,0.0198257,0.00043,0.128783,0.0210977,1e-09,0.154220052931196,0,Combined,NA,NA
Males,4:131022733-131022733,rs17405651,4,131022733,G,C,0.901194,rs17405651,-0.367658,0.0662764,2.9e-08,-0.0285248,0.032898,0.39,-0.181308,0.0350343,2.3e-07,0.000430164646958589,1,Males,NA,NA
Combined,17:43463493-44865603,rs17688916,17,43778680,T,A,0.794858,rs17688916;rs55938136;rs199443,0.162248,0.047401,0.00062,0.146562,0.0235252,4.7e-10,0.15688,0.0250547,3.8e-10,0.0976297480436245,0,Combined,17:44515243-43460181,Females
Males,6:151849040-151911979,rs1807906,6,151894716,G,A,0.827922,rs1807906;rs78258746,0.301321,0.0498352,1.5e-09,0.039156,0.0248018,0.11,0.15963,0.0263754,1.4e-09,0.000646034882128393,1,Males,6:151869645-151849842,Combined
Males,22:45337329-45362162,rs1894521,22,45337943,G,A,0.334643,rs1894521,0.269923,0.0401727,1.8e-11,0.0050237,0.0200156,0.8,0.124491,0.0212789,4.9e-09,1.57186707262024e-06,1,Males,22:45337943-45337329,Combined
Combined,22:45337329-45362162,rs1894521,22,45337943,G,A,0.334643,rs1894521,0.269923,0.0401727,1.8e-11,0.0050237,0.0200156,0.8,0.124491,0.0212789,4.9e-09,1.57186707262024e-06,1,Males,22:45337943-45337329,Males
Females,17:43460181-44865603,rs199491,17,44515243,C,T,0.753113,rs62064595;rs62053943;rs1526123;rs55938136;rs199491;rs200403,0.134918,0.0451982,0.0028,0.140665,0.0224843,3.9e-10,0.140347,0.0239209,4.4e-09,0.0457226706837673,0,Combined,17:43778680-43463493,Combined
Combined,11:112826867-112938783,rs2155646,11,112912811,T,C,0.613195,rs2155646,-0.195168,0.0385571,4.2e-07,-0.0436672,0.0192022,0.023,-0.111834,0.0204195,4.3e-08,0.0267138189871225,0,Combined,NA,NA
Combined,16:71519284-71986073,rs2432524,16,71584333,G,T,0.374644,rs2432524,-0.181223,0.0389452,3.3e-06,-0.059866,0.0193667,0.002,-0.113294,0.0206071,3.8e-08,0.1725365870503,0,Combined,NA,NA
Combined,2:32496223-32859905,rs2754523,2,32837110,A,G,0.555553,rs2754523,0.178146,0.0378667,2.5e-06,0.0616036,0.0187993,0.001,0.111785,0.0200193,2.4e-08,0.201545984105641,0,Combined,NA,NA
Combined,6:25684606-31360663,rs3095337,6,30737591,G,C,0.795596,rs75782365;rs7749823;rs16891727;rs35984974;rs9393929;rs3095337;rs3094127;rs3095326;rs3095340;rs3131036;rs886423;rs3131934;rs2532923,0.214112,0.0464874,4.1e-06,0.11077,0.0232099,1.8e-06,0.15681,0.0246469,2e-10,0.842613606349608,0,Combined,NA,NA
Combined,5:103924417-104089064,rs325490,5,104088117,C,G,0.675315,rs325490,0.154381,0.0401,0.00012,0.100933,0.0199667,4.3e-07,0.123765,0.021234,5.6e-09,0.581901410657506,0,Combined,NA,NA
Combined,9:90079144-90118253,rs35083126,9,90081422,G,A,0.731728,rs35083126,0.173502,0.0423981,4.3e-05,0.0828115,0.0210758,8.5e-05,0.1304,0.0224297,6.1e-09,0.699801008780679,0,Combined,NA,NA
Combined,3:86249401-86282294,rs35384579,3,86250424,G,C,0.37804,rs35384579,0.185204,0.0386985,1.7e-06,0.0772627,0.0192834,6.2e-05,0.124992,0.0205002,1.1e-09,0.397208376054565,0,Combined,NA,NA
Combined,6:151849842-151894716,rs3734803,6,151869645,G,A,0.818705,rs3734803;rs4870039,0.282339,0.0487847,7.1e-09,0.0518787,0.0242633,0.033,0.157083,0.0258104,1.2e-09,0.00445674387705796,0,Males,6:151894716-151849040,Males
Combined,1:61671738-61743160,rs437021,1,61738270,C,T,0.541895,rs437021,0.136686,0.0376839,0.00029,0.0976967,0.0187227,1.8e-07,0.114328,0.0199273,9.6e-09,0.409380941180959,0,Combined,NA,NA
Combined,15:91403674-91437388,rs4702,15,91426560,G,A,0.442641,rs4702;rs8032315,0.28315,0.037869,7.6e-14,0.037703,0.0187906,0.045,0.146692,0.0200147,2.3e-13,2.88482429784123e-05,1,Males,15:91426560-91416550,Males
Males,15:91416550-91429042,rs4702,15,91426560,G,A,0.442641,rs4702,0.28315,0.037869,7.6e-14,0.037703,0.0187906,0.045,0.146692,0.0200147,2.3e-13,2.88482429784123e-05,1,Males,15:91426560-91403674,Combined
Combined,1:53658178-53752640,rs5174,1,53712727,C,T,0.58925,rs5174;rs10788954,0.222243,0.0380395,5.1e-09,0.0654605,0.018946,0.00055,0.136856,0.0201424,1.1e-11,0.045595051300948,0,Combined,1:53712727-53658317,Males
Males,1:53658317-53752134,rs5174,1,53712727,C,T,0.58925,rs5174,0.222243,0.0380395,5.1e-09,0.0654605,0.018946,0.00055,0.136856,0.0201424,1.1e-11,0.045595051300948,0,Combined,1:53712727-53658178,Combined
Combined,10:134134703-134168475,rs55907858,10,134139339,A,C,0.657427,rs55907858,-0.158555,0.0397121,6.5e-05,-0.0834193,0.019755,2.4e-05,-0.116151,0.0210168,3.3e-08,0.908764333444747,0,Combined,NA,NA
Males,12:78930012-79053780,rs61927885,12,79046907,G,A,0.837126,rs61927885,0.28385,0.0510394,2.7e-08,0.0191145,0.0253893,0.45,0.138218,0.0270118,3.1e-07,0.0003085314596419,1,Males,NA,NA
Combined,17:65825248-66098979,rs62084701,17,66042238,C,T,0.251526,rs62084701,0.206327,0.0433562,1.9e-06,0.0679964,0.0214988,0.0016,0.125847,0.0229057,3.9e-08,0.163297185086877,0,Combined,NA,NA
Females,8:65337690-65760568,rs62519827,8,65481947,T,C,0.887161,rs62519827;rs2280870;rs74838729;rs13277887;rs13276608;rs6987861,0.16989,0.0593666,0.0042,0.212743,0.0294775,5.3e-13,0.196605,0.0313863,3.8e-10,0.00623276226081691,0,Combined,8:65526012-65437964,Combined
Combined,8:65437964-65760568,rs62519848,8,65526012,T,C,0.897565,rs62519848;rs6996198;rs62519821;rs13266877,0.21223,0.0618988,0.00061,0.206134,0.0308296,2.3e-11,0.212262,0.0327801,9.5e-11,0.0501219586386549,0,Combined,8:65481947-65337690,Females
Combined,5:87513775-87896602,rs6452792,5,87792844,G,A,0.485906,rs6452792;rs80083342,0.194556,0.038021,3.1e-07,0.0647918,0.0188794,6e-04,0.120715,0.0201026,1.9e-09,0.139371413123596,0,Combined,NA,NA
Males,2:1053645-1090560,rs6728222,2,1053645,T,C,0.183994,rs6728222,0.267035,0.0486447,4e-08,0.0238209,0.0240968,0.32,0.13464,0.0256867,1.6e-07,0.000682832224075083,1,Males,NA,NA
Males,3:54918508-54989091,rs6775716,3,54989091,C,T,0.596236,rs6775716,-0.219527,0.0387807,1.5e-08,0.00613169,0.0193126,0.75,-0.0958577,0.0205368,3e-06,1.07678135970555e-05,1,Males,NA,NA
Combined,8:10576753-10687121,rs7018288,8,10584446,G,A,0.450256,rs7018288,0.168242,0.0380326,9.7e-06,0.0627346,0.0189457,0.00093,0.111995,0.020143,2.7e-08,0.295458537398519,0,Combined,NA,NA
Combined,14:98531606-98670158,rs7152530,14,98641215,G,A,0.648792,rs7152530;rs10782490;rs7154431;rs17701424;rs7160389,-0.199199,0.0394122,4.3e-07,-0.0908605,0.0195454,3.3e-06,-0.142801,0.0208231,7e-12,0.539505190573741,0,Combined,14:98549383-98532540,Females
Combined,3:85428726-85699040,rs726610,3,85551403,C,T,0.351489,rs726610;rs11915747,0.18028,0.039293,4.5e-06,0.104301,0.0195493,9.5e-08,0.140409,0.0207971,1.5e-11,0.847032837995497,0,Combined,NA,NA
Females,10:56629277-56706723,rs7350404,10,56642776,A,T,0.301983,rs7350404,0.0624974,0.0409051,0.13,0.119449,0.0203198,4.1e-09,0.08893,0.0216313,3.9e-05,0.00477261917584745,0,Combined,NA,NA
Combined,8:59603730-59674575,rs74321402,8,59631835,C,A,0.947204,rs74321402,0.412936,0.0841695,9.3e-07,0.128366,0.0417549,0.0021,0.248452,0.0444759,2.3e-08,0.118187734060118,0,Combined,NA,NA
Combined,7:127251792-127489607,rs759843,7,127345992,A,G,0.586302,rs759843,-0.164683,0.0382703,1.7e-05,-0.0685312,0.0189981,0.00031,-0.115151,0.0202311,1.3e-08,0.448390268354777,0,Combined,NA,NA
Combined,6:98310291-98546547,rs9372625,6,98344031,G,A,0.618251,rs9372625,-0.138141,0.0388887,0.00038,-0.098477,0.0192786,3.3e-07,-0.115881,0.020538,1.7e-08,0.419962307927316,0,Combined,NA,NA
